"","date","avg_max","avg_min","avg_avg","avg_dew","avg_wet","wet_con"
"1",2007-05-01,83.5,51,67.5,51,56.5,0
"2",2007-05-02,59.5,42.5,51.5,42,47,0
"3",2007-05-03,66.5,47,57,40,49,0
"4",2007-05-04,72,50,58,41.5,50,1
"5",2007-05-05,66,53.5,60,38.5,49.5,0
"6",2007-05-06,68,50.5,59.5,30,46,0
"7",2007-05-07,83.5,48.5,66,40,53.5,1
"8",2007-05-08,81,57,69,57.5,62.5,0
"9",2007-05-09,76.5,62,69.5,59.5,63,0
"10",2007-05-10,83.5,57.5,70.5,52,60.5,0
"11",2007-05-11,71.5,50,61,43,51,0
"12",2007-05-12,64.5,46.5,55.5,36.5,46,0
"13",2007-05-13,69,43.5,56.5,32.5,46,0
"14",2007-05-14,90,55,72.5,46,58.5,0
"15",2007-05-15,81,56.5,69,56,61,1
"16",2007-05-16,65,44.5,55,42.5,47.5,1
"17",2007-05-17,61.5,43.5,53,32,43,0
"18",2007-05-18,70.5,42.5,57,30.5,46.5,0
"19",2007-05-19,80,56,68,38,53,0
"20",2007-05-20,69,43.5,56.5,40.5,44.5,1
"21",2007-05-21,79.5,45,62.5,50,56.5,0
"22",2007-05-22,87,57.5,72.5,45,58,0
"23",2007-05-23,89,63,76.5,48.5,61,0
"24",2007-05-24,88,64.5,76.5,53.5,63,1
"25",2007-05-25,68,56.5,62.5,45,53,1
"26",2007-05-26,67.5,49.5,58.5,55,56.5,1
"27",2007-05-27,75,58,66.5,48,56.5,1
"28",2007-05-28,77.5,52,65,48,56.5,1
"29",2007-05-29,88,62.5,75.5,58.5,65.5,0
"30",2007-05-30,88,68,78.5,57.5,65.5,0
"31",2007-05-31,79,66.5,73,61,65.5,1
"32",2007-06-01,85.5,64.5,75.5,63,66.5,1
"33",2007-06-02,81,66.5,74,62.5,67,1
"34",2007-06-03,77.5,63,70.5,60,63.5,1
"35",2007-06-04,71.5,57,64.5,57.5,60,1
"36",2007-06-05,63.5,49,56.5,47.5,51.5,1
"37",2007-06-06,72,46,59.5,47.5,55,1
"38",2007-06-07,91.5,71,81.5,61.5,68.5,0
"39",2007-06-08,81,60,70.5,53.5,61.5,0
"40",2007-06-09,79,54.5,67,48,57.5,0
"41",2007-06-10,81,58,69.5,50.5,59.5,0
"42",2007-06-11,85.5,61.5,73.5,51.5,61,0
"43",2007-06-12,82.5,64,73.5,50.5,60.5,0
"44",2007-06-13,86.5,64,75.5,53,62,0
"45",2007-06-14,89,66,78,54.5,63.5,0
"46",2007-06-15,90,65,77.5,56,64.5,0
"47",2007-06-16,92.5,67,80,60.5,67.5,1
"48",2007-06-17,91,70.5,81,64.5,70,0
"49",2007-06-18,89,71,80,65,70,1
"50",2007-06-19,80.5,65,73,55,63,1
"51",2007-06-20,84.5,61.5,73.5,51,61,0
"52",2007-06-21,78.5,63.5,71,51,60.5,1
"53",2007-06-22,75.5,61.5,69,49.5,58,1
"54",2007-06-23,67.5,61.5,65,59,61.5,1
"55",2007-06-24,76,64,70,62,65,0
"56",2007-06-25,87.5,66,77,66.5,70,0
"57",2007-06-26,91.5,71.5,81.5,69,72,1
"58",2007-06-27,90,71,80.5,69.5,72,1
"59",2007-06-28,73.5,59.5,66.5,55.5,60.5,0
"60",2007-06-29,70.5,56,63.5,55.5,59.5,0
"61",2007-06-30,78,56,67.5,47.5,57,0
"62",2007-07-01,75.5,57.5,67,51.5,58.5,0
"63",2007-07-02,78,55.5,67,50,58.5,0
"64",2007-07-03,83,61.5,72.5,56.5,63,1
"65",2007-07-04,85,67,76.5,65,69,1
"66",2007-07-05,88.5,70.5,79.5,60,67,0
"67",2007-07-06,85,67,76,57,64.5,0
"68",2007-07-07,89,66,77.5,62.5,68.5,0
"69",2007-07-08,93.5,75,84.5,67,72,0
"70",2007-07-09,93.5,71,82.5,66.5,70.5,1
"71",2007-07-10,89,69.5,79.5,67,70.5,1
"72",2007-07-11,77,62.5,70,51,59,0
"73",2007-07-12,80,60.5,70.5,51,59.5,1
"74",2007-07-13,76,58.5,67.5,52.5,58.5,0
"75",2007-07-14,84.5,61.5,73.5,55,62,0
"76",2007-07-15,81,62,71.5,52.5,61,0
"77",2007-07-16,82,65.5,74,60,65,1
"78",2007-07-17,83,68.5,76,65.5,69,1
"79",2007-07-18,85,69,77,68.5,71,1
"80",2007-07-19,82.5,63,73,62.5,66,1
"81",2007-07-20,74.5,60,67.5,52.5,59,0
"82",2007-07-21,74.5,58,66.5,52,58.5,0
"83",2007-07-22,81,59.5,70.5,54.5,61,0
"84",2007-07-23,82.5,61.5,72.5,55,63,0
"85",2007-07-24,82,65,74,57.5,64,0
"86",2007-07-25,84,70.5,77.5,60.5,66.5,0
"87",2007-07-26,83.5,65,74.5,65,68,1
"88",2007-07-27,83,70,77,67.5,70,1
"89",2007-07-28,80,68,74,65,68,0
"90",2007-07-29,85,65,75,56.5,64,0
"91",2007-07-30,87.5,63.5,76,56,64.5,0
"92",2007-07-31,90,68.5,79.5,60.5,68,0
"93",2007-08-01,91.5,69,80.5,62.5,69.5,0
"94",2007-08-02,91,71.5,81.5,66,71.5,0
"95",2007-08-03,89,71,80.5,57,66.5,0
"96",2007-08-04,81,66,74,58,64.5,1
"97",2007-08-05,88,67.5,78,71,72.5,1
"98",2007-08-06,86.5,74.5,80.5,72,74,1
"99",2007-08-07,91.5,72.5,82.5,73,76,1
"100",2007-08-08,87,73.5,80.5,71.5,73.5,1
"101",2007-08-09,84.5,72.5,78.5,71,73,1
"102",2007-08-10,86,71.5,79,68.5,72,0
"103",2007-08-11,88.5,67.5,78,65,70,0
"104",2007-08-12,87.5,67.5,78,67,70.5,1
"105",2007-08-13,80.5,67,74,55.5,63.5,0
"106",2007-08-14,84,65,75,66.5,69.5,1
"107",2007-08-15,80.5,71.5,76.5,68,70.5,1
"108",2007-08-16,77,66,71.5,64.5,67.5,0
"109",2007-08-17,79.5,62.5,71.5,54,61.5,0
"110",2007-08-18,68.5,59.5,64.5,54,58,1
"111",2007-08-19,68.5,62,65.5,62.5,64,1
"112",2007-08-20,77,68,72.5,68.5,69.5,1
"113",2007-08-21,86,69,77.5,70,72,0
"114",2007-08-22,90,69.5,80,70.5,73,1
"115",2007-08-23,88,69.5,79,69,71,1
"116",2007-08-24,80.5,69,75,67,69,1
"117",2007-08-25,77.5,64.5,71.5,63,66,1
"118",2007-08-26,78.5,60.5,70,55,61.5,0
"119",2007-08-27,79,61.5,70.5,59.5,64,0
"120",2007-08-28,90.5,68,79.5,65.5,70,0
"121",2007-08-29,85.5,68.5,77.5,64.5,69,0
"122",2007-08-30,75,58.5,67,54,60.5,0
"123",2007-08-31,76.5,57,67,53,59.5,0
"124",2007-09-01,80,58.5,69.5,55.5,61.5,0
"125",2007-09-02,84.5,61.5,73,56.5,63,0
"126",2007-09-03,88,65,76.5,61,67,0
"127",2007-09-04,89.5,65,77.5,59.5,66.5,0
"128",2007-09-05,90.5,69,80,62.5,69,1
"129",2007-09-06,83,73.5,78.5,66.5,70,1
"130",2007-09-07,84,70.5,77.5,67.5,70,1
"131",2007-09-08,78,66,72,57.5,63.5,0
"132",2007-09-09,79.5,63,71.5,59,63.5,0
"133",2007-09-10,73.5,54.5,64,58.5,61,1
"134",2007-09-11,71,50.5,61,44,52,0
"135",2007-09-12,66.5,46,56.5,42.5,49.5,0
"136",2007-09-13,78.5,51.5,65,44,54,0
"137",2007-09-14,66.5,46,56.5,39.5,48.5,0
"138",2007-09-15,61.5,40.5,51,34,44,0
"139",2007-09-16,71.5,46.5,59.5,39,49.5,0
"140",2007-09-17,80,53.5,67,48.5,57,0
"141",2007-09-18,88.5,64.5,77,57.5,65,0
"142",2007-09-19,84,66.5,75.5,59,65,0
"143",2007-09-20,77,61.5,69.5,59,63.5,0
"144",2007-09-21,89,66,77.5,59,66,0
"145",2007-09-22,73,54.5,64,44,54,0
"146",2007-09-23,83.5,52.5,68,50,58.5,0
"147",2007-09-24,90.5,69.5,80,62.5,68.5,0
"148",2007-09-25,84,65,74.5,65.5,69,1
"149",2007-09-26,68.5,54,61.5,50.5,55.5,1
"150",2007-09-27,74.5,50.5,62.5,49,55,1
"151",2007-09-28,73,53,63,46,53.5,0
"152",2007-09-29,81,51,66,45.5,55,0
"153",2007-09-30,83.5,60,72,48.5,59,1
"154",2007-10-01,68.5,59,64,59,61,1
"155",2007-10-02,79,58,69,59,63,1
"156",2007-10-03,74,55.5,65,47.5,56,0
"157",2007-10-04,82.5,53.5,68.5,56,61.5,0
"158",2007-10-05,84.5,65,75,65,68.5,1
"159",2007-10-06,87.5,70,79,66.5,70.5,0
"160",2007-10-07,87.5,68.5,78,65.5,70,0
"161",2007-10-08,87.5,61,74.5,60.5,66,0
"162",2007-10-09,76.5,49.5,63.5,44,53,0
"163",2007-10-10,53.5,47,50.5,37.5,44,1
"164",2007-10-11,55,47,51,39,45,0
"165",2007-10-12,56.5,43,50,35,43,0
"166",2007-10-13,59,42,51,40.5,47,0
"167",2007-10-14,62,54,58,48,52.5,1
"168",2007-10-15,75.5,53,64.5,51,57,1
"169",2007-10-16,67.5,54,61,54.5,57.5,1
"170",2007-10-17,73,48.5,61,53,57,1
"171",2007-10-18,78.5,59.5,69.5,56.5,61.5,1
"172",2007-10-19,60.5,52.5,56.5,48,52,1
"173",2007-10-20,73.5,47,60.5,43,52,0
"174",2007-10-21,79.5,60.5,70,46.5,56.5,0
"175",2007-10-22,66.5,46.5,57,47,50.5,1
"176",2007-10-23,55.5,44.5,50.5,37.5,44.5,1
"177",2007-10-24,54,44,49,35,42.5,0
"178",2007-10-25,56,45,50.5,39.5,46,1
"179",2007-10-26,65.5,53,59.5,48.5,52,1
"180",2007-10-27,56,38,47,39.5,45.5,1
"181",2007-10-28,56,34,45,30,39,0
"182",2007-10-29,60.5,39,50,32,42,0
"183",2007-10-30,66,41.5,54,37.5,46,0
"184",2007-10-31,62.5,42,52.5,37.5,46,0
"185",2008-05-01,73.5,48,61,51,56.5,0
"186",2008-05-02,74,53,64,55.5,59,1
"187",2008-05-03,56,43.5,50,41.5,46,1
"188",2008-05-04,65.5,38.5,52.5,33.5,45,0
"189",2008-05-05,74.5,50,62.5,38,50,0
"190",2008-05-06,81.5,49,65.5,43.5,55,0
"191",2008-05-07,70.5,49.5,60.5,52.5,56,1
"192",2008-05-08,59,46,52.5,35.5,44.5,0
"193",2008-05-09,58,41.5,50,34.5,43.5,0
"194",2008-05-10,61,39.5,50.5,38,45.5,0
"195",2008-05-11,59,46.5,53,43.5,47.5,1
"196",2008-05-12,54.5,40.5,47.5,38.5,43,0
"197",2008-05-13,73,42.5,58,45,51.5,1
"198",2008-05-14,62.5,45.5,54.5,48.5,52,1
"199",2008-05-15,57,43,50,37,45,0
"200",2008-05-16,72.5,40.5,57,41,50,0
"201",2008-05-17,73,51,62.5,41,52,1
"202",2008-05-18,55,44.5,50,39.5,45.5,0
"203",2008-05-19,59.5,41,50.5,33.5,43.5,1
"204",2008-05-20,65,48,57,37,47,0
"205",2008-05-21,65.5,43,54.5,36,46,0
"206",2008-05-22,57.5,46,52,38,45,0
"207",2008-05-23,58,47,53,39.5,45.5,0
"208",2008-05-24,67.5,42,55,39,48,0
"209",2008-05-25,78,47.5,63,49,57,1
"210",2008-05-26,82.5,50,66.5,60,64.5,1
"211",2008-05-27,51.5,43.5,47.5,35.5,42.5,1
"212",2008-05-28,61.5,44,53,33.5,43.5,0
"213",2008-05-29,67.5,43.5,56,37.5,47.5,1
"214",2008-05-30,77,56.5,67,59.5,62.5,1
"215",2008-05-31,79,59.5,69.5,56,62,0
"216",2008-06-01,72.5,54.5,64,46.5,55,0
"217",2008-06-02,85.5,58.5,72,52.5,60.5,1
"218",2008-06-03,71.5,56,64,56.5,58.5,1
"219",2008-06-04,78,56.5,67.5,60,62.5,1
"220",2008-06-05,87.5,64,76,68.5,71.5,1
"221",2008-06-06,86.5,73,80,68.5,72,1
"222",2008-06-07,84.5,70.5,77.5,71,73,1
"223",2008-06-08,86,64.5,75.5,68.5,70.5,1
"224",2008-06-09,74,65,70,64,66,1
"225",2008-06-10,79.5,59.5,69.5,56,62,1
"226",2008-06-11,86,63.5,75,55.5,64,0
"227",2008-06-12,91,73,82,63,69.5,0
"228",2008-06-13,82,65.5,74,62.5,66,1
"229",2008-06-14,84,60,72.5,52.5,61.5,0
"230",2008-06-15,81.5,60.5,71,60,64,1
"231",2008-06-16,73,59.5,66.5,49,57,0
"232",2008-06-17,76,55.5,66,46,55,0
"233",2008-06-18,76,57,67,48.5,56,0
"234",2008-06-19,80.5,53.5,67.5,46.5,56.5,0
"235",2008-06-20,82.5,59,71,52.5,59.5,1
"236",2008-06-21,82.5,61.5,72.5,52.5,61,1
"237",2008-06-22,81.5,59,70.5,52.5,59.5,1
"238",2008-06-23,76.5,56.5,67,54,59,0
"239",2008-06-24,82,56,69.5,52.5,60,0
"240",2008-06-25,79,66.5,73,64.5,67.5,1
"241",2008-06-26,86.5,70.5,78.5,66.5,70.5,0
"242",2008-06-27,84.5,67.5,76,67,70,1
"243",2008-06-28,83.5,65,74.5,55,63,1
"244",2008-06-29,76,60.5,68.5,58,61,1
"245",2008-06-30,80.5,59,70,49.5,58,0
"246",2008-07-01,83.5,57.5,71,50.5,60,0
"247",2008-07-02,88,63,75.5,62,66.5,1
"248",2008-07-03,71,57,64,51,57,0
"249",2008-07-04,75.5,55,65.5,50,57.5,0
"250",2008-07-05,79.5,55.5,67.5,52,59.5,0
"251",2008-07-06,87.5,61,74.5,57.5,65,0
"252",2008-07-07,87,72.5,80,67.5,71,1
"253",2008-07-08,85.5,58,78,67.5,71,1
"254",2008-07-09,85,67,76,55,63.5,0
"255",2008-07-10,83,64,73.5,62.5,66.5,1
"256",2008-07-11,88.5,64,76.5,65,69,1
"257",2008-07-12,82,65.5,74,63.5,66.5,1
"258",2008-07-13,79,61.5,70.5,53.5,61,0
"259",2008-07-14,84,62,73,54,62,0
"260",2008-07-15,90.5,64,77.5,62.5,68.5,0
"261",2008-07-16,90.5,72,81.5,66.5,70.5,0
"262",2008-07-17,89.5,72.5,81,66,71,0
"263",2008-07-18,88.5,73.5,81,67.5,71.5,1
"264",2008-07-19,79,68.5,74,69,70,1
"265",2008-07-20,86,68,77,68,71,1
"266",2008-07-21,83.5,69,76.5,65.5,68.5,1
"267",2008-07-22,76,64.5,70.5,60,64,1
"268",2008-07-23,81,60,71,52,60.5,0
"269",2008-07-24,82,59.5,71,52.5,61,0
"270",2008-07-25,83,63,73.5,63,67,0
"271",2008-07-26,84.5,66,75.5,58,65.5,0
"272",2008-07-27,83,62.5,73,58,64.5,0
"273",2008-07-28,84.5,68,76.5,63,67.5,0
"274",2008-07-29,88.5,67.5,78.5,67,70.5,1
"275",2008-07-30,89.5,72,81,66,70.5,0
"276",2008-07-31,89,71.5,80.5,68,71,1
"277",2008-08-01,89,70,80,68.5,72.5,1
"278",2008-08-02,80.5,66.5,73.5,59.5,65,0
"279",2008-08-03,84.5,62,73.5,61,66.5,0
"280",2008-08-04,87.5,69.5,79,68.5,70.5,1
"281",2008-08-05,87.5,70,79,68,71.5,0
"282",2008-08-06,84,67,76,60,66,0
"283",2008-08-07,81.5,63.5,72.5,56.5,63,0
"284",2008-08-08,78.5,63.5,71,54,61,0
"285",2008-08-09,79,61.5,70.5,58,62.5,1
"286",2008-08-10,74,59.5,67,52.5,58.5,0
"287",2008-08-11,76.5,59.5,68,57,61.5,0
"288",2008-08-12,77,61.5,69.5,57,62,0
"289",2008-08-13,78,66,72.5,59,63,1
"290",2008-08-14,78.5,64,71.5,60,64,0
"291",2008-08-15,78,61,70,54.5,61,0
"292",2008-08-16,82.5,58.5,71,53,61,0
"293",2008-08-17,84.5,63,74,59.5,65,0
"294",2008-08-18,85,65,75,57.5,64.5,0
"295",2008-08-19,83,64,74,64,67.5,0
"296",2008-08-20,81,66,73.5,59.5,65,0
"297",2008-08-21,82,68.5,75.5,60.5,66,1
"298",2008-08-22,83.5,73.5,79,68.5,71.5,1
"299",2008-08-23,88.5,68.5,79,67,70.5,1
"300",2008-08-24,77.5,64,71,57,62.5,0
"301",2008-08-25,74,65,69.5,55,60.5,0
"302",2008-08-26,75.5,61,68.5,54.5,60.5,0
"303",2008-08-27,82.5,60.5,71.5,56.5,63,0
"304",2008-08-28,80.5,65,73,64.5,67.5,1
"305",2008-08-29,84.5,65.5,75.5,59.5,65.5,1
"306",2008-08-30,87,58.5,73,55,63,0
"307",2008-08-31,89.5,62.5,76,56.5,64.5,0
"308",2008-09-01,89.5,64.5,77,54,63.5,0
"309",2008-09-02,94.5,66.5,81,61,68,1
"310",2008-09-03,77,67,72.5,61,64.5,1
"311",2008-09-04,67.5,62,65,62,63,1
"312",2008-09-05,69,57.5,63.5,57,59.5,1
"313",2008-09-06,74,54.5,64.5,54,58.5,1
"314",2008-09-07,74,56.5,65.5,51.5,57.5,0
"315",2008-09-08,68.5,52.5,61,53,55.5,1
"316",2008-09-09,68.5,49,59,45.5,52,0
"317",2008-09-10,72,49,60.5,47.5,54,0
"318",2008-09-11,79,56,67.5,57,61.5,1
"319",2008-09-12,73,69,71,67.5,68.5,1
"320",2008-09-13,76,68.5,72.5,70,71,1
"321",2008-09-14,72,58,65,61.5,62.5,1
"322",2008-09-15,64,54,59,52,55.5,0
"323",2008-09-16,71,49.5,60.5,50,55,0
"324",2008-09-17,82.5,57.5,70.5,56,60.5,0
"325",2008-09-18,74,59,66.5,55.5,60,0
"326",2008-09-19,78,56,67.5,53.5,59.5,0
"327",2008-09-20,82,57.5,70,56.5,61.5,0
"328",2008-09-21,80,59,69.5,61,64.5,0
"329",2008-09-22,81.5,62,72,59,64,0
"330",2008-09-23,82.5,61,72,56.5,62.5,0
"331",2008-09-24,82,59.5,71,58,63,1
"332",2008-09-25,77.5,64.5,71,61,64.5,0
"333",2008-09-26,78.5,59.5,69,54.5,60.5,0
"334",2008-09-27,80.5,54,67.5,54,60,0
"335",2008-09-28,68.5,58.5,64,57,60,0
"336",2008-09-29,64.5,55,60,56,58,1
"337",2008-09-30,60,48,54.5,44.5,49.5,0
"338",2008-10-01,61.5,46,54,40.5,47,0
"339",2008-10-02,61.5,42.5,52.5,40,47,0
"340",2008-10-03,59.5,46.5,53,42.5,48,1
"341",2008-10-04,60.5,40,50.5,38.5,45.5,0
"342",2008-10-05,61,43.5,52.5,42,48.5,1
"343",2008-10-06,69.5,55,62.5,46.5,54,0
"344",2008-10-07,64,56,60.5,52,56,1
"345",2008-10-08,63.5,51,57.5,51.5,54.5,1
"346",2008-10-09,69,47.5,58.5,38.5,49,0
"347",2008-10-10,72.5,44,58.5,41.5,50.5,0
"348",2008-10-11,79.5,53,66.5,50,57,0
"349",2008-10-12,85,59.5,72.5,55,61.5,0
"350",2008-10-13,78,62.5,70.5,57.5,63,0
"351",2008-10-14,69.5,54,62,43,51.5,1
"352",2008-10-15,63.5,48.5,56,50.5,53.5,1
"353",2008-10-16,59,43.5,51.5,38.5,44.5,0
"354",2008-10-17,56.5,43.5,50,39.5,45,0
"355",2008-10-18,60,44.5,52.5,40.5,46,1
"356",2008-10-19,62,42,52,37,45.5,0
"357",2008-10-20,55.5,43.5,49.5,42.5,46.5,1
"358",2008-10-21,55,38.5,47,36,42.5,0
"359",2008-10-22,53,37.5,45.5,29.5,40,0
"360",2008-10-23,59,40.5,50,35,43.5,1
"361",2008-10-24,55,44.5,50,44,47,1
"362",2008-10-25,53,43,48,40.5,44.5,1
"363",2008-10-26,56,36.5,46.5,33,41,1
"364",2008-10-27,47,33.5,40.5,27.5,35,1
"365",2008-10-28,45,31.5,38.5,23,33,0
"366",2008-10-29,51,32.5,42,24.5,34.5,0
"367",2008-10-30,62.5,32.5,48,31.5,41,0
"368",2008-10-31,70.5,48.5,59.5,46,51,0
"369",2009-05-01,61,47,54,41,47.5,1
"370",2009-05-02,65.5,44.5,55,33.5,45.5,0
"371",2009-05-03,70,44,57.5,34.5,47.5,0
"372",2009-05-04,70,46,58.5,35,47.5,0
"373",2009-05-05,70.5,51.5,61,40.5,50.5,0
"374",2009-05-06,75,53.5,64.5,51,55.5,1
"375",2009-05-07,77,56,67,52.5,57.5,1
"376",2009-05-08,75.5,55,65.5,54,58.5,1
"377",2009-05-09,63.5,45.5,55,44,48.5,0
"378",2009-05-10,67,41.5,54.5,39.5,46.5,1
"379",2009-05-11,61,39.5,50.5,34.5,44,0
"380",2009-05-12,71.5,41.5,56.5,33,47,0
"381",2009-05-13,70.5,53.5,62.5,57,59,1
"382",2009-05-14,68.5,54,61.5,44,52.5,0
"383",2009-05-15,62,53.5,58,51.5,54.5,1
"384",2009-05-16,62,46,54.5,40.5,49.5,1
"385",2009-05-17,61,40,50.5,27.5,42,0
"386",2009-05-18,66.5,42.5,54.5,31.5,45,0
"387",2009-05-19,80,53,66.5,43.5,54.5,0
"388",2009-05-20,84.5,61,73,43.5,57,0
"389",2009-05-21,84.5,60,72.5,48.5,59,0
"390",2009-05-22,69.5,54.5,62,46.5,53.5,0
"391",2009-05-23,79.5,52.5,66,50.5,57.5,0
"392",2009-05-24,70.5,55.5,63,46.5,53.5,0
"393",2009-05-25,65.5,55,60.5,44.5,52,1
"394",2009-05-26,75,54.5,65,52.5,56.5,1
"395",2009-05-27,74,56.5,65.5,59,61.5,1
"396",2009-05-28,63,54.5,59,51,54,0
"397",2009-05-29,75.5,52.5,64,49,55,0
"398",2009-05-30,79,51.5,65.5,46,54.5,1
"399",2009-05-31,72.5,47,60,42,51,0
"400",2009-06-01,79,51.5,65.5,53.5,57.5,1
"401",2009-06-02,60.5,49,55,46.5,50.5,1
"402",2009-06-03,61,45,53,39.5,47,0
"403",2009-06-04,68,44.5,56.5,37.5,48.5,0
"404",2009-06-05,79.5,45.5,63,43.5,54,0
"405",2009-06-06,64.5,53,59,46.5,51.5,1
"406",2009-06-07,73.5,54,64,53.5,58,1
"407",2009-06-08,81,53.5,67.5,60.5,64,1
"408",2009-06-09,67,55.5,61.5,53,56,1
"409",2009-06-10,67,54.5,61,49.5,54,1
"410",2009-06-11,62,53,58,52,54,1
"411",2009-06-12,73,49.5,61.5,49,55,1
"412",2009-06-13,67,55,61,51.5,55,1
"413",2009-06-14,76.5,52.5,64.5,49,57,0
"414",2009-06-15,81,55,68,49,58,0
"415",2009-06-16,71,61.5,66.5,56,60.5,1
"416",2009-06-17,72,62,67,59.5,62.5,0
"417",2009-06-18,80.5,62,71.5,63.5,67,1
"418",2009-06-19,87,65.5,76.5,67.5,69.5,1
"419",2009-06-20,87.5,68.5,78.5,65,70,0
"420",2009-06-21,85,70.5,78,63.5,68.5,1
"421",2009-06-22,89,69,79.5,67,71,1
"422",2009-06-23,93,73,83.5,68.5,73,0
"423",2009-06-24,93.5,74,84,68,73,1
"424",2009-06-25,93.5,75.5,85,68.5,73,0
"425",2009-06-26,86,70.5,78.5,60.5,67,0
"426",2009-06-27,89.5,64.5,77.5,60.5,67,1
"427",2009-06-28,83,67,75.5,53,62,0
"428",2009-06-29,77.5,64,71,54,61,0
"429",2009-06-30,67,60,64,53,57.5,0
"430",2009-07-01,65,57,61,53,56.5,1
"431",2009-07-02,73,59.5,66.5,54.5,60,0
"432",2009-07-03,79,62.5,71,56,62,0
"433",2009-07-04,69,61,65,58,61.5,1
"434",2009-07-05,81.5,59,70.5,58.5,63.5,1
"435",2009-07-06,85.5,61.5,73.5,54,62.5,0
"436",2009-07-07,76.5,62,69.5,54.5,60.5,1
"437",2009-07-08,66.5,61.5,64,55.5,59,1
"438",2009-07-09,79.5,61,70.5,57.5,63.5,0
"439",2009-07-10,83,65,74.5,64.5,67.5,1
"440",2009-07-11,85,65.5,75.5,59.5,66,1
"441",2009-07-12,82,59,70.5,50.5,60,0
"442",2009-07-13,78.5,63.5,71,47,58,0
"443",2009-07-14,80.5,57.5,69.5,50,59.5,0
"444",2009-07-15,85.5,66,76,62,67,1
"445",2009-07-16,81,64.5,73,56.5,62.5,0
"446",2009-07-17,70,57.5,64,51.5,56.5,1
"447",2009-07-18,72.5,57.5,65.5,52,57.5,0
"448",2009-07-19,72,58.5,65.5,52.5,58.5,0
"449",2009-07-20,76,57,67,55.5,60.5,0
"450",2009-07-21,81,61,71,56.5,62.5,1
"451",2009-07-22,78.5,64.5,72,60,64,0
"452",2009-07-23,80.5,62.5,71.5,59,63.5,1
"453",2009-07-24,83,61.5,72.5,59.5,64.5,1
"454",2009-07-25,81,66,74,58.5,64.5,0
"455",2009-07-26,82,63.5,73,58.5,64.5,1
"456",2009-07-27,84,65,74.5,61,66.5,1
"457",2009-07-28,85,67,76,61,66.5,1
"458",2009-07-29,80,64,72.5,51.5,60,0
"459",2009-07-30,79.5,62,71,57,62.5,0
"460",2009-07-31,81.5,60,71,54.5,61.5,0
"461",2009-08-01,75,62,68.5,59,62.5,1
"462",2009-08-02,78.5,57.5,68.5,51.5,59,0
"463",2009-08-03,85,67.5,76.5,60.5,66,1
"464",2009-08-04,85.5,68,77,62,67.5,0
"465",2009-08-05,79,63.5,71.5,55,62,0
"466",2009-08-06,81.5,61,71.5,51,60,0
"467",2009-08-07,74,65.5,70,59,63,1
"468",2009-08-08,89,68.5,79,70,73,1
"469",2009-08-09,91.5,77,84.5,71.5,74.5,0
"470",2009-08-10,85.5,70.5,78.5,65.5,69.5,0
"471",2009-08-11,81.5,63.5,72.5,61.5,66,0
"472",2009-08-12,82.5,61.5,72.5,55.5,62.5,0
"473",2009-08-13,86,61.5,74,55,63,0
"474",2009-08-14,88,65,77,59,66,0
"475",2009-08-15,89,68.5,79,61,67.5,0
"476",2009-08-16,89,70.5,80,67.5,70.5,1
"477",2009-08-17,83,70.5,77,68,70.5,1
"478",2009-08-18,83.5,65.5,74.5,60,65.5,0
"479",2009-08-19,82,61.5,72,61,65.5,1
"480",2009-08-20,78.5,64,71.5,61,65,1
"481",2009-08-21,73.5,59,66.5,58,61,1
"482",2009-08-22,68.5,57.5,63.5,52,56.5,0
"483",2009-08-23,73.5,57,65.5,54,58.5,0
"484",2009-08-24,79,55.5,67.5,56.5,61.5,0
"485",2009-08-25,82.5,60,71.5,61,65,0
"486",2009-08-26,72.5,63,68,63,64.5,1
"487",2009-08-27,67,61.5,64.5,60.5,62,1
"488",2009-08-28,69.5,60.5,65,61,62.5,1
"489",2009-08-29,69,56,63,51.5,56.5,1
"490",2009-08-30,66,51,59,47,52.5,0
"491",2009-08-31,67.5,49,58.5,44,52,0
"492",2009-09-01,71.5,48.5,60.5,48,54,0
"493",2009-09-02,72.5,51.5,62.5,50.5,56,0
"494",2009-09-03,75,56.5,66,54.5,59.5,0
"495",2009-09-04,75,56,66,54.5,59.5,0
"496",2009-09-05,78,55.5,67,57,61.5,0
"497",2009-09-06,77,63.5,70.5,59,63.5,1
"498",2009-09-07,77,61,69,59,62.5,0
"499",2009-09-08,78,61,69.5,61,64,0
"500",2009-09-09,77.5,66.5,72.5,63,65.5,0
"501",2009-09-10,80.5,64.5,73,62,65.5,0
"502",2009-09-11,79,62.5,71,59,63.5,0
"503",2009-09-12,78.5,59.5,69.5,60.5,63.5,0
"504",2009-09-13,79.5,57.5,68.5,54.5,60.5,0
"505",2009-09-14,84,58.5,71.5,55.5,61.5,0
"506",2009-09-15,82.5,63.5,73,58.5,63.5,0
"507",2009-09-16,71.5,60.5,66,54,59.5,0
"508",2009-09-17,71.5,52,62,51.5,56.5,0
"509",2009-09-18,79,51,65.5,55,59,0
"510",2009-09-19,75.5,56.5,66.5,55,59.5,0
"511",2009-09-20,72,54,63.5,56,60,1
"512",2009-09-21,68,61.5,65,59.5,61.5,1
"513",2009-09-22,76.5,61,69,65,67,1
"514",2009-09-23,76,62,69,62.5,64,0
"515",2009-09-24,72,64,68.5,62.5,64.5,0
"516",2009-09-25,70,60,65,57,60,1
"517",2009-09-26,67.5,55.5,61.5,56,59,0
"518",2009-09-27,74,51.5,63,53,57.5,1
"519",2009-09-28,62.5,49.5,56.5,42,49,1
"520",2009-09-29,59,48,53.5,42,48,1
"521",2009-09-30,61.5,48,55,41,47.5,0
"522",2009-10-01,59,42.5,51,46,49,1
"523",2009-10-02,56,47.5,52,46,48,1
"524",2009-10-03,57.5,47,52.5,47,49,1
"525",2009-10-04,60.5,45,53,42.5,47,0
"526",2009-10-05,61.5,42.5,52.5,42,47,0
"527",2009-10-06,61.5,49,55.5,46.5,50.5,1
"528",2009-10-07,60,45,53,39,46,0
"529",2009-10-08,53.5,46,50,46,48.5,1
"530",2009-10-09,52,39.5,46,43.5,45.5,1
"531",2009-10-10,48,32,40.5,30,35.5,0
"532",2009-10-11,44.5,29,37,22.5,32.5,0
"533",2009-10-12,48.5,41.5,45.5,35,40.5,1
"534",2009-10-13,47.5,35,41.5,32,38.5,0
"535",2009-10-14,48,42,45,36,41,1
"536",2009-10-15,44,41,43,38,40,1
"537",2009-10-16,45.5,39.5,42.5,36,39.5,1
"538",2009-10-17,52,37.5,45,33.5,39.5,1
"539",2009-10-18,53,32,42.5,33,39.5,0
"540",2009-10-19,65.5,43.5,55,40.5,47,0
"541",2009-10-20,63,49.5,56.5,47.5,52,1
"542",2009-10-21,69.5,55,62.5,51,55.5,1
"543",2009-10-22,58,48.5,53.5,48.5,50.5,1
"544",2009-10-23,61.5,43,52.5,49.5,50.5,1
"545",2009-10-24,49.5,38.5,44,37,40.5,1
"546",2009-10-25,62.5,44,53.5,44,48.5,1
"547",2009-10-26,55,49.5,52.5,47.5,49,1
"548",2009-10-27,51.5,46.5,49,45.5,47.5,1
"549",2009-10-28,57.5,50,54,49,51,0
"550",2009-10-29,60,47.5,54,50,52,1
"551",2009-10-30,67.5,46.5,57.5,53.5,56,1
"552",2009-10-31,46.5,36,41.5,31,38,0
"553",2010-05-01,70.5,59.5,65,53.5,58.5,1
"554",2010-05-02,68.5,53.5,61,52,56,1
"555",2010-05-03,72,51,61.5,45,53,0
"556",2010-05-04,79.5,51.5,66,43.5,54,0
"557",2010-05-05,72.5,56.5,64.5,37,51,0
"558",2010-05-06,61.5,47,54.5,39,46,1
"559",2010-05-07,59,45.5,52.5,46,48.5,1
"560",2010-05-08,50,42,46,35,41,1
"561",2010-05-09,57,37.5,47.5,29,40,0
"562",2010-05-10,58,42,50.5,30,42,1
"563",2010-05-11,55.5,44,50,46,47.5,1
"564",2010-05-12,52,45,49,45,46.5,1
"565",2010-05-13,75.5,48.5,62.5,53.5,56,1
"566",2010-05-14,66.5,48,57.5,43.5,50.5,0
"567",2010-05-15,62,45,53.5,41.5,48,0
"568",2010-05-16,66,43.5,55,43,49.5,0
"569",2010-05-17,59,51,55,42.5,48.5,1
"570",2010-05-18,63.5,47.5,56,40.5,48,0
"571",2010-05-19,73.5,45,59.5,39,50.5,0
"572",2010-05-20,73,49,61.5,49,55,1
"573",2010-05-21,72.5,56,64.5,58,60,1
"574",2010-05-22,73,58,65.5,59,61,0
"575",2010-05-23,89,63.5,76.5,65.5,69,0
"576",2010-05-24,91,71.5,81.5,66.5,71.5,0
"577",2010-05-25,87.5,70,79,61.5,68,0
"578",2010-05-26,86,68,77.5,62.5,68,1
"579",2010-05-27,77,62,69.5,50,59,0
"580",2010-05-28,77.5,58,68,49.5,58,0
"581",2010-05-29,85,60.5,73,57,63,0
"582",2010-05-30,91,62.5,77,59,66,1
"583",2010-05-31,82.5,65.5,74.5,64.5,67,1
"584",2010-06-01,84.5,64,74.5,62.5,67,0
"585",2010-06-02,77,58,67.5,61,64,1
"586",2010-06-03,71,57,64.5,46,55,0
"587",2010-06-04,83,58.5,71,59.5,64.5,0
"588",2010-06-05,79,60,70,64,66.5,1
"589",2010-06-06,75.5,56.5,66.5,54.5,59,1
"590",2010-06-07,69.5,55,62.5,48.5,55,0
"591",2010-06-08,67,58.5,63,57,59,1
"592",2010-06-09,83,66,74.5,55.5,63,0
"593",2010-06-10,76,59,68,54,60,0
"594",2010-06-11,88.5,64,76.5,67,71,1
"595",2010-06-12,77,62,70,63,65,1
"596",2010-06-13,72,61.5,67,61.5,63.5,1
"597",2010-06-14,71,60.5,66,61,62.5,1
"598",2010-06-15,79,60.5,70,65.5,67,1
"599",2010-06-16,84,64,74.5,60.5,65,0
"600",2010-06-17,84,65.5,75,61.5,67,0
"601",2010-06-18,90.5,66.5,79,66,69,1
"602",2010-06-19,85.5,66,76,60.5,66,0
"603",2010-06-20,80.5,65.5,73.5,60.5,65,0
"604",2010-06-21,85,67.5,76.5,66,69,1
"605",2010-06-22,85.5,69.5,77.5,68,71,0
"606",2010-06-23,87,68,77.5,69.5,71,1
"607",2010-06-24,82.5,65,74,59.5,65,0
"608",2010-06-25,84,64,74,61.5,66.5,0
"609",2010-06-26,87.5,68.5,78,65.5,69.5,1
"610",2010-06-27,86,72,79.5,69.5,72.5,0
"611",2010-06-28,82,64,73.5,59,65,0
"612",2010-06-29,74,60.5,67.5,52.5,59,0
"613",2010-06-30,75.5,56.5,66.5,50,57,0
"614",2010-07-01,77,56.5,67,47.5,57,0
"615",2010-07-02,83,60.5,72,51.5,60.5,0
"616",2010-07-03,87,62,75,55,63,0
"617",2010-07-04,91.5,70,81,65.5,71,0
"618",2010-07-05,90.5,78.5,85,63.5,70.5,0
"619",2010-07-06,90.5,74,82.5,68.5,72.5,1
"620",2010-07-07,93.5,71.5,82.5,69.5,73,0
"621",2010-07-08,87.5,73.5,81,69.5,72.5,1
"622",2010-07-09,87.5,71,79.5,59,67,0
"623",2010-07-10,89,69,79,60,67.5,0
"624",2010-07-11,85,66.5,76,62.5,67,1
"625",2010-07-12,84,65,75,64.5,68,1
"626",2010-07-13,84,70.5,77.5,64.5,68.5,1
"627",2010-07-14,90.5,71,81,70,73.5,0
"628",2010-07-15,91,72,82,69,73,0
"629",2010-07-16,90,67.5,79,61,68,0
"630",2010-07-17,92.5,71,82,63.5,70,0
"631",2010-07-18,91.5,73,82.5,69,73,0
"632",2010-07-19,84,70.5,77.5,66,70,1
"633",2010-07-20,85.5,68.5,77,67,70,0
"634",2010-07-21,90.5,72.5,82,65.5,70.5,0
"635",2010-07-22,90,70.5,80.5,70.5,74,1
"636",2010-07-23,94.5,70.5,82.5,71,74,1
"637",2010-07-24,87,69,78,70.5,72.5,1
"638",2010-07-25,81,67,74.5,59.5,65.5,0
"639",2010-07-26,84,62.5,73.5,62,67,0
"640",2010-07-27,88,69.5,79,66.5,71,0
"641",2010-07-28,89.5,75,82.5,71,74.5,0
"642",2010-07-29,81.5,68,75,58.5,65,0
"643",2010-07-30,79.5,70,75,59.5,65,1
"644",2010-07-31,79,65,72.5,63.5,66.5,1
"645",2010-08-01,85,65.5,75.5,64.5,68,0
"646",2010-08-02,84,68.5,76.5,66.5,70,1
"647",2010-08-03,86.5,65.5,76,70.5,73,1
"648",2010-08-04,82,71,76.5,71.5,73,1
"649",2010-08-05,83.5,68,76,62,67,0
"650",2010-08-06,82,64,73,58.5,64,0
"651",2010-08-07,83.5,64,74,63.5,67.5,0
"652",2010-08-08,87,70,78.5,66.5,70,1
"653",2010-08-09,88.5,73.5,81,70,73.5,1
"654",2010-08-10,88.5,76,82.5,71,74,0
"655",2010-08-11,90,76,83.5,69.5,74,0
"656",2010-08-12,90.5,74.5,82.5,69.5,74,0
"657",2010-08-13,92.5,72.5,83,70,74,1
"658",2010-08-14,88,72,80,68.5,72.5,0
"659",2010-08-15,83.5,66.5,75.5,62,67.5,0
"660",2010-08-16,80,63.5,72,54,62,0
"661",2010-08-17,79,64.5,72,57,63,1
"662",2010-08-18,83.5,63.5,74,60.5,65.5,1
"663",2010-08-19,87.5,67.5,77.5,64,69,0
"664",2010-08-20,92.5,73,83,67,71.5,1
"665",2010-08-21,86,71,79,68.5,71.5,1
"666",2010-08-22,80.5,68,74.5,64,67.5,0
"667",2010-08-23,79,66,73,63,67,0
"668",2010-08-24,82.5,66,74.5,61.5,66,0
"669",2010-08-25,79,62,70.5,50.5,59,0
"670",2010-08-26,78.5,60.5,69.5,52,59,0
"671",2010-08-27,84.5,60,72.5,54.5,62,0
"672",2010-08-28,87.5,65,76.5,52,62,0
"673",2010-08-29,93.5,71.5,83,64.5,70,0
"674",2010-08-30,88,73.5,81,66,71,0
"675",2010-08-31,92.5,75,84,67.5,72.5,0
"676",2010-09-01,80.5,71,76,67,70,1
"677",2010-09-02,83,65.5,74.5,67.5,70,1
"678",2010-09-03,71,56.5,64,51.5,57,0
"679",2010-09-04,68,51.5,60,43.5,51,1
"680",2010-09-05,76.5,50.5,64,49,56,1
"681",2010-09-06,83,67,75,51,60.5,0
"682",2010-09-07,78,59,69,48,58,0
"683",2010-09-08,71,52,61.5,47.5,54,0
"684",2010-09-09,67.5,51.5,60,49,54.5,0
"685",2010-09-10,72,57,65,50.5,57.5,0
"686",2010-09-11,75,58.5,67,54.5,59,1
"687",2010-09-12,83,53.5,68.5,50.5,59,0
"688",2010-09-13,82,59,71,51.5,59.5,0
"689",2010-09-14,77,56,67,48.5,57,0
"690",2010-09-15,75,60,67.5,53,59.5,1
"691",2010-09-16,69.5,55,62.5,55.5,59,1
"692",2010-09-17,74,50,62.5,49.5,56,0
"693",2010-09-18,65.5,59,62.5,55,58,1
"694",2010-09-19,67.5,55.5,61.5,48.5,55,1
"695",2010-09-20,76,62.5,69.5,60,63.5,0
"696",2010-09-21,88.5,67.5,78,63,67.5,1
"697",2010-09-22,74.5,63.5,69.5,61,63,0
"698",2010-09-23,89.5,65.5,77.5,61.5,68,0
"699",2010-09-24,79.5,56.5,68,53.5,59,1
"700",2010-09-25,60,52,56,43,49,1
"701",2010-09-26,60,51,55.5,44.5,49.5,1
"702",2010-09-27,64,48.5,56.5,45.5,50,1
"703",2010-09-28,70.5,46,58.5,44.5,51.5,0
"704",2010-09-29,75.5,51,63.5,46.5,54.5,0
"705",2010-09-30,74.5,52.5,63.5,49,55,0
"706",2010-10-01,73.5,48.5,61.5,43.5,52,1
"707",2010-10-02,56,45.5,51,41.5,46.5,1
"708",2010-10-03,56.5,42.5,49.5,38.5,44,1
"709",2010-10-04,59.5,39.5,49.5,39,45,0
"710",2010-10-05,67,39.5,53.5,37.5,46,0
"711",2010-10-06,78,45.5,62,43.5,52.5,0
"712",2010-10-07,76,49,63,39.5,50.5,0
"713",2010-10-08,79,48.5,64,38.5,51.5,0
"714",2010-10-09,86.5,55.5,71.5,50.5,59,0
"715",2010-10-10,84,58,71.5,50,59,0
"716",2010-10-11,81.5,55.5,68.5,52.5,58.5,0
"717",2010-10-12,76,53,64.5,54,58.5,0
"718",2010-10-13,64.5,47.5,56.5,47,52.5,1
"719",2010-10-14,66,43,55,32,45,0
"720",2010-10-15,62.5,45.5,54.5,41,47,0
"721",2010-10-16,71,42,57,39,48,0
"722",2010-10-17,64.5,47.5,56,37,46.5,0
"723",2010-10-18,60.5,44,52.5,40.5,47,0
"724",2010-10-19,60.5,39.5,50.5,35,43.5,0
"725",2010-10-20,70,45,57.5,35,46,0
"726",2010-10-21,56,39.5,48,29.5,40,0
"727",2010-10-22,64.5,35,50,30,42,0
"728",2010-10-23,66,54,60.5,45,52.5,1
"729",2010-10-24,72.5,55.5,64,52,57,1
"730",2010-10-25,72,56.5,64.5,56,60,0
"731",2010-10-26,70.5,54,62.5,47,53.5,1
"732",2010-10-27,65,43,54,31.5,44.5,0
"733",2010-10-28,46,39,43,30.5,38,0
"734",2010-10-29,50,32,41.5,26.5,36,0
"735",2010-10-30,63,41.5,52.5,32,42,0
"736",2010-10-31,52,37.5,45,30.5,39,0
"737",2011-05-01,63.5,49.5,56.5,37,47.5,0
"738",2011-05-02,59.5,42.5,51.5,31,42,0
"739",2011-05-03,50.5,37.5,44.5,30.5,38,1
"740",2011-05-04,58,37,47.5,29,40,0
"741",2011-05-05,62.5,38,50.5,39.5,46,1
"742",2011-05-06,68.5,44.5,56.5,39,48.5,1
"743",2011-05-07,60,44.5,52.5,45,49,0
"744",2011-05-08,68,41.5,55,43.5,49.5,0
"745",2011-05-09,73.5,49,61.5,45.5,54,1
"746",2011-05-10,90.5,63,77,60.5,66,0
"747",2011-05-11,87.5,65,76.5,65.5,68.5,1
"748",2011-05-12,86.5,60.5,73.5,62,66,1
"749",2011-05-13,77,47,62,54,56.5,1
"750",2011-05-14,52,45.5,49,46.5,47.5,1
"751",2011-05-15,47,41.5,44.5,37,41.5,1
"752",2011-05-16,52.5,38.5,46,30.5,40,0
"753",2011-05-17,60,40,50,34,43.5,0
"754",2011-05-18,59,49.5,54.5,48.5,50,1
"755",2011-05-19,72.5,49.5,61.5,53,55.5,0
"756",2011-05-20,72.5,50,61.5,53.5,56.5,0
"757",2011-05-21,75.5,50.5,63.5,59,62,0
"758",2011-05-22,87.5,63,75.5,59.5,64.5,1
"759",2011-05-23,79.5,62.5,71.5,59,64,0
"760",2011-05-24,67.5,47.5,58,47,52,0
"761",2011-05-25,71,48,59.5,52.5,54,1
"762",2011-05-26,49.5,43,46.5,40,43,1
"763",2011-05-27,58,41,49.5,41,46,1
"764",2011-05-28,63,51.5,57.5,55,56,1
"765",2011-05-29,71,54.5,63,59.5,60.5,1
"766",2011-05-30,89,60.5,75,65,69.5,0
"767",2011-05-31,86.5,69,78,64.5,69,1
"768",2011-06-01,81.5,61,71.5,49,59,0
"769",2011-06-02,69,56.5,63,44.5,53,1
"770",2011-06-03,87.5,56,72,61.5,67,1
"771",2011-06-04,91.5,65.5,78.5,64,68.5,1
"772",2011-06-05,84.5,61.5,73.5,55,62,0
"773",2011-06-06,93.5,61,77.5,63.5,69,0
"774",2011-06-07,96,76,86.5,64.5,72,0
"775",2011-06-08,95.5,66.5,81.5,63.5,71,1
"776",2011-06-09,69,51,60.5,53,55.5,1
"777",2011-06-10,70,51,60.5,56,57.5,1
"778",2011-06-11,63.5,52.5,58,54,55.5,1
"779",2011-06-12,64,50.5,57.5,45,52,0
"780",2011-06-13,71.5,55,63.5,43,53,0
"781",2011-06-14,77,55.5,66.5,49,56.5,0
"782",2011-06-15,71.5,57,64.5,59,61.5,1
"783",2011-06-16,81,61.5,71.5,59,63,1
"784",2011-06-17,82,62,72,60,64.5,0
"785",2011-06-18,83.5,62,73,62,65.5,0
"786",2011-06-19,82,64,73,65,68.5,0
"787",2011-06-20,79.5,67,73.5,67,69,1
"788",2011-06-21,89,67.5,78.5,70,72.5,1
"789",2011-06-22,74,65,70,62.5,65,1
"790",2011-06-23,71.5,62.5,67.5,59.5,62.5,1
"791",2011-06-24,68,60,64,55.5,59,0
"792",2011-06-25,78.5,59.5,69.5,52.5,60,1
"793",2011-06-26,80.5,60.5,70.5,53,60.5,0
"794",2011-06-27,80.5,66,73.5,63.5,67,1
"795",2011-06-28,81,64,72.5,53.5,61,0
"796",2011-06-29,80.5,61,71,55.5,62,0
"797",2011-06-30,88.5,63,76,61.5,67,1
"798",2011-07-01,89,71,80.5,62.5,68,1
"799",2011-07-02,93.5,72,83,70.5,74,0
"800",2011-07-03,85,69.5,77.5,57.5,65,0
"801",2011-07-04,88.5,66.5,77.5,54,63.5,0
"802",2011-07-05,91.5,67.5,80,59.5,68,0
"803",2011-07-06,86.5,70.5,78.5,60.5,67,0
"804",2011-07-07,81.5,64.5,73.5,54,62.5,1
"805",2011-07-08,86,63,75,51.5,62.5,0
"806",2011-07-09,90.5,64,77.5,59,67,0
"807",2011-07-10,91,74.5,83,67.5,72,0
"808",2011-07-11,89,70.5,80,70.5,74,1
"809",2011-07-12,87.5,70.5,79.5,63.5,69,1
"810",2011-07-13,74,64.5,69.5,57,62.5,0
"811",2011-07-14,82,62,72.5,56,63,0
"812",2011-07-15,86.5,70.5,79,60,66.5,0
"813",2011-07-16,89.5,72.5,81,60.5,68,1
"814",2011-07-17,95,71.5,83.5,69,74,0
"815",2011-07-18,92.5,80.5,86.5,74.5,77.5,1
"816",2011-07-19,92.5,78.5,86,72.5,76.5,0
"817",2011-07-20,99.5,75,87.5,73,77,1
"818",2011-07-21,100,78.5,89.5,71,76.5,1
"819",2011-07-22,94,70.5,79,70,73.5,1
"820",2011-07-23,87,70,79,70,73,1
"821",2011-07-24,87,72,80,69.5,72.5,1
"822",2011-07-25,89,73,81.5,66.5,71,0
"823",2011-07-26,84,71.5,78,62.5,68,0
"824",2011-07-27,91,70,80.5,66,70.5,1
"825",2011-07-28,87.5,73.5,80.5,71,74,1
"826",2011-07-29,86,72.5,79.5,68,71.5,1
"827",2011-07-30,91,67.5,79.5,64.5,70.5,0
"828",2011-07-31,90.5,70.5,80.5,69,73,0
"829",2011-08-01,91,75,83.5,71.5,75,0
"830",2011-08-02,93,74,84,73,76.5,1
"831",2011-08-03,86.5,72.5,79.5,66.5,71,0
"832",2011-08-04,83,69,76.5,66.5,69.5,0
"833",2011-08-05,83.5,69.5,76.5,68,71,1
"834",2011-08-06,85,72.5,79,70,72,1
"835",2011-08-07,86.5,69,78,69,71.5,1
"836",2011-08-08,80,68.5,74.5,67,69.5,1
"837",2011-08-09,81,65,73,61,66,0
"838",2011-08-10,77.5,61.5,69.5,54,61,0
"839",2011-08-11,81,58.5,70,54,61,0
"840",2011-08-12,81.5,62.5,72.5,58,64,0
"841",2011-08-13,83.5,64,74,63.5,66,1
"842",2011-08-14,75,62,69,60,63,1
"843",2011-08-15,81,58,70,55,62,0
"844",2011-08-16,84,62,73,57,63.5,0
"845",2011-08-17,83,63.5,73.5,62,67,0
"846",2011-08-18,84.5,69,77,61,66.5,0
"847",2011-08-19,86.5,65.5,76.5,62.5,68,0
"848",2011-08-20,79.5,67,73.5,67,69,1
"849",2011-08-21,80.5,65,73,58,63.5,1
"850",2011-08-22,82,60,71.5,59,64,0
"851",2011-08-23,73.5,64,69,62.5,65,1
"852",2011-08-24,91.5,69.5,81,65,70,0
"853",2011-08-25,81.5,64.5,73.5,59,64,0
"854",2011-08-26,83,60,71.5,58,63.5,0
"855",2011-08-27,82,65.5,74,61.5,66,0
"856",2011-08-28,77,61,69,56,61,0
"857",2011-08-29,78.5,60,69.5,56.5,62,0
"858",2011-08-30,77.5,62.5,70.5,55,61.5,1
"859",2011-08-31,87.5,65,76.5,64,68.5,1
"860",2011-09-01,93.5,72.5,83,70.5,75,0
"861",2011-09-02,93,77.5,85.5,69,74,0
"862",2011-09-03,88,70,79,67.5,71,1
"863",2011-09-04,73.5,59,66.5,54.5,60.5,1
"864",2011-09-05,66,52.5,59.5,45.5,52.5,0
"865",2011-09-06,66,54,60.5,46.5,53,0
"866",2011-09-07,70,55,62.5,47,54.5,0
"867",2011-09-08,74.5,59.5,67,53.5,59,1
"868",2011-09-09,72,62,67,60.5,62.5,1
"869",2011-09-10,77,57,67,59.5,62.5,0
"870",2011-09-11,83,58.5,71,59,63.5,0
"871",2011-09-12,86,64,75,59,65,0
"872",2011-09-13,74.5,57,66,54.5,60,0
"873",2011-09-14,59,47.5,53.5,44,50,1
"874",2011-09-15,59.5,43,51.5,35.5,44.5,0
"875",2011-09-16,58.5,47,53,39,47,0
"876",2011-09-17,68.5,51,60,44.5,52,0
"877",2011-09-18,65.5,55.5,60.5,54.5,57,1
"878",2011-09-19,68.5,55,62,58,60,1
"879",2011-09-20,74.5,51,63,54,58,0
"880",2011-09-21,71.5,56.5,64.5,49,56,1
"881",2011-09-22,63.5,52,58,47,52,0
"882",2011-09-23,62,48,55,45,50,1
"883",2011-09-24,62.5,51,57,48.5,51.5,1
"884",2011-09-25,64.5,52,58.5,53,55,1
"885",2011-09-26,61.5,53,57.5,50.5,53,1
"886",2011-09-27,63,54,59,53,55,1
"887",2011-09-28,63.5,53,58.5,54,55,1
"888",2011-09-29,66,50,58.5,50.5,53.5,1
"889",2011-09-30,57.5,46,52,41.5,47,1
"890",2011-10-01,56,43,49.5,40,45,0
"891",2011-10-02,65.5,41,53.5,38.5,46,0
"892",2011-10-03,69.5,44.5,57.5,44.5,50,0
"893",2011-10-04,75,44.5,60,47,52.5,0
"894",2011-10-05,80,50.5,65.5,47.5,55,0
"895",2011-10-06,81,53,67.5,50.5,58,0
"896",2011-10-07,84,56.5,70.5,52,59,0
"897",2011-10-08,82,57.5,70,53.5,60,0
"898",2011-10-09,80,54,67,51,58,0
"899",2011-10-10,76.5,56,66.5,50,57.5,0
"900",2011-10-11,78.5,57.5,68,53,59.5,0
"901",2011-10-12,77.5,56,67,51.5,58,0
"902",2011-10-13,65,52,58.5,55,57.5,1
"903",2011-10-14,61.5,48.5,55,41,48,0
"904",2011-10-15,61.5,47,54.5,36,46,0
"905",2011-10-16,61,47,54,39,46,1
"906",2011-10-17,58,40.5,49.5,33,42,0
"907",2011-10-18,54,40.5,47.5,37.5,43,1
"908",2011-10-19,49,44,47,40.5,44,1
"909",2011-10-20,46.5,42.5,44.5,37.5,42,1
"910",2011-10-21,54.5,37.5,46.5,34,41,0
"911",2011-10-22,66,36,51,37,44.5,0
"912",2011-10-23,67.5,39.5,53.5,41.5,48.5,1
"913",2011-10-24,63,45,54,39,46.5,1
"914",2011-10-25,74,47,61,45.5,53,1
"915",2011-10-26,53.5,47,50.5,42,46,0
"916",2011-10-27,52,38.5,45.5,37.5,42,1
"917",2011-10-28,54.5,35.5,45,32.5,40,0
"918",2011-10-29,54.5,35,45,29.5,38,0
"919",2011-10-30,57,35,46,35,41.5,1
"920",2011-10-31,53,37.5,45.5,35.5,40.5,0
"921",2012-05-01,64.5,50.5,57.5,52.5,55.5,1
"922",2012-05-02,79,59,69,60,64,0
"923",2012-05-03,86,67.5,77,64.5,69,1
"924",2012-05-04,72.5,53,63,55,58,1
"925",2012-05-05,61.5,52.5,57,53,55,1
"926",2012-05-06,71.5,52.5,62.5,53.5,56.5,1
"927",2012-05-07,62.5,53,58,55.5,57,1
"928",2012-05-08,70,51.5,61,45,53,0
"929",2012-05-09,60,46.5,53.5,43,48.5,1
"930",2012-05-10,66,45.5,56,33.5,46,0
"931",2012-05-11,78,45.5,62,39,52,0
"932",2012-05-12,68,52,60,43.5,51,1
"933",2012-05-13,70.5,51.5,61,32,48,0
"934",2012-05-14,80,44.5,62.5,36,51,0
"935",2012-05-15,85,56.5,71,44.5,56.5,1
"936",2012-05-16,64,51,58,33,46,0
"937",2012-05-17,72.5,47,60,39.5,50.5,0
"938",2012-05-18,85,55,70,39.5,54,0
"939",2012-05-19,91.5,61.5,77,52.5,62,0
"940",2012-05-20,92.5,65,79,57,65,1
"941",2012-05-21,66,54,60.5,44,52,0
"942",2012-05-22,69.5,49.5,60,41.5,51,0
"943",2012-05-23,82,48,65.5,41.5,54,0
"944",2012-05-24,90,65.5,78,52.5,63,0
"945",2012-05-25,81.5,66,74,49,59,0
"946",2012-05-26,84,61.5,73,54,61.5,1
"947",2012-05-27,97,71.5,84.5,58.5,68,0
"948",2012-05-28,94.5,75.5,85,60,68.5,1
"949",2012-05-29,85,62.5,74,45.5,59,0
"950",2012-05-30,69.5,53,61.5,46,53,0
"951",2012-05-31,54.5,48,51.5,45,48,1
"952",2012-06-01,64.5,49,57,43.5,49,1
"953",2012-06-02,75,49,62.5,46.5,55,0
"954",2012-06-03,80.5,56.5,68.5,48,58,0
"955",2012-06-04,74.5,59,67,47,56,0
"956",2012-06-05,69.5,57,63.5,49,56,0
"957",2012-06-06,75,54,64.5,46.5,55.5,0
"958",2012-06-07,80,54,67,44.5,56,0
"959",2012-06-08,87.5,56.5,72,48.5,60,0
"960",2012-06-09,89.5,65.5,78,50,62,0
"961",2012-06-10,92.5,69,81,55.5,65.5,0
"962",2012-06-11,90,71,80.5,62.5,68.5,1
"963",2012-06-12,77.5,60.5,69.5,46.5,57,0
"964",2012-06-13,71.5,55.5,63.5,45,55,0
"965",2012-06-14,86.5,58,72.5,48,59,0
"966",2012-06-15,93.5,63,78.5,48.5,61.5,0
"967",2012-06-16,94,69,82,60,68,1
"968",2012-06-17,86,68.5,77.5,59,66,1
"969",2012-06-18,93,70.5,82,65,71,0
"970",2012-06-19,94.5,76.5,86,65,71.5,0
"971",2012-06-20,94,76.5,85.5,62,70.5,0
"972",2012-06-21,84,70,77.5,59.5,66.5,1
"973",2012-06-22,85,63.5,74.5,52,62,0
"974",2012-06-23,86.5,62.5,75,55,63.5,0
"975",2012-06-24,93,67.5,80.5,57.5,65.5,0
"976",2012-06-25,75,61.5,68.5,48.5,58,0
"977",2012-06-26,82,59.5,71,50.5,59.5,0
"978",2012-06-27,91,60.5,76,51,63,0
"979",2012-06-28,100.5,76.5,88.5,68.5,74,1
"980",2012-06-29,88,69.5,79,61.5,68,1
"981",2012-06-30,90.5,69.5,80.5,67.5,72,0
"982",2012-07-01,90.5,67,79,67.5,71.5,1
"983",2012-07-02,97.5,72.5,85.5,69,74,0
"984",2012-07-03,95.5,77,86.5,67,73.5,0
"985",2012-07-04,101.5,79.5,91,68,75,0
"986",2012-07-05,102.5,79,91,68.5,75,1
"987",2012-07-06,103.5,82.5,93.5,71,77,0
"988",2012-07-07,98,73.5,86,67.5,72.5,0
"989",2012-07-08,85,71,78.5,56,65,0
"990",2012-07-09,89.5,67,78.5,58,65.5,0
"991",2012-07-10,82.5,69,76,55.5,64,0
"992",2012-07-11,86.5,66.5,77,57,65,0
"993",2012-07-12,90.5,68.5,80,53.5,64.5,0
"994",2012-07-13,93,71.5,82.5,63,69,1
"995",2012-07-14,89.5,70.5,80,65.5,70,0
"996",2012-07-15,95,70.5,83,66,71.5,0
"997",2012-07-16,97.5,74.5,86.5,65.5,72.5,0
"998",2012-07-17,99,79.5,89.5,66.5,74,0
"999",2012-07-18,92.5,71.5,82,71,74,1
"1000",2012-07-19,84,70.5,77.5,70,72,1
"1001",2012-07-20,81.5,68.5,75.5,60,65.5,1
"1002",2012-07-21,88,67,77.5,63,69,0
"1003",2012-07-22,89.5,71.5,81,65.5,70.5,0
"1004",2012-07-23,97.5,81,89.5,67.5,74,1
"1005",2012-07-24,86,70,78.5,65.5,70.5,1
"1006",2012-07-25,100,72,86.5,67,73,1
"1007",2012-07-26,89,70.5,80,69,72.5,1
"1008",2012-07-27,86.5,68,77.5,64,68.5,0
"1009",2012-07-28,82.5,69,76,60,66,0
"1010",2012-07-29,86.5,65.5,76,58.5,66,1
"1011",2012-07-30,92.5,71.5,82.5,61.5,69,0
"1012",2012-07-31,85.5,69.5,78,65,69.5,1
"1013",2012-08-01,89.5,69.5,79.5,63.5,69,0
"1014",2012-08-02,93,68.5,81,62,69,0
"1015",2012-08-03,94.5,72.5,83.5,66,72,0
"1016",2012-08-04,94,71.5,83,68.5,72,1
"1017",2012-08-05,84.5,68,76.5,59,66,0
"1018",2012-08-06,85.5,64.5,75.5,56,64,0
"1019",2012-08-07,93,64.5,79,59.5,67.5,0
"1020",2012-08-08,84,73.5,79,62,68,1
"1021",2012-08-09,76,64.5,70.5,62.5,65.5,1
"1022",2012-08-10,76,61.5,69,55,60.5,1
"1023",2012-08-11,78.5,57,68,52.5,59,0
"1024",2012-08-12,76.5,58,67.5,53.5,60.5,0
"1025",2012-08-13,70.5,61.5,66.5,61,63,1
"1026",2012-08-14,83,57.5,70.5,60,64,0
"1027",2012-08-15,85.5,66,76,59.5,66,0
"1028",2012-08-16,76,63,69.5,61,65,1
"1029",2012-08-17,76.5,58.5,67.5,51.5,58.5,0
"1030",2012-08-18,77.5,55,66.5,49,57.5,0
"1031",2012-08-19,79,60.5,70,49.5,58.5,0
"1032",2012-08-20,75,59,67,55,60,1
"1033",2012-08-21,79,55.5,67.5,50.5,58.5,0
"1034",2012-08-22,84.5,63,70,51.5,60.5,0
"1035",2012-08-23,91.5,66.5,79,55,64,1
"1036",2012-08-24,93.5,67.5,80.5,56.5,66,0
"1037",2012-08-25,93.5,68.5,81.5,56.5,66,0
"1038",2012-08-26,80,67,74,66,68,1
"1039",2012-08-27,88,67.5,78,61.5,67,0
"1040",2012-08-28,85.5,64,75,60.5,65.5,0
"1041",2012-08-29,84,67.5,76,58.5,65,0
"1042",2012-08-30,90.5,66.5,78.5,58,66,0
"1043",2012-08-31,92.5,71.5,82.5,64,70,0
"1044",2012-09-01,76.5,72,74.5,67,70,1
"1045",2012-09-02,81.5,74,78,69,71.5,0
"1046",2012-09-03,87.5,72,80,69.5,73,0
"1047",2012-09-04,89.5,67,78.5,68.5,72,1
"1048",2012-09-05,86,64.5,75.5,64,68,1
"1049",2012-09-06,86,69,77.5,61,67,0
"1050",2012-09-07,78,60,69.5,59.5,63.5,1
"1051",2012-09-08,73,55,64.5,49.5,56,1
"1052",2012-09-09,72,55.5,64,51,56.5,0
"1053",2012-09-10,76,53,65,48.5,56,0
"1054",2012-09-11,83.5,55.5,70,52,60,0
"1055",2012-09-12,86.5,63,75,55,62.5,0
"1056",2012-09-13,71.5,55,63.5,54,58,1
"1057",2012-09-14,75.5,52.5,64.5,45.5,54.5,0
"1058",2012-09-15,79,52.5,66,45,55,0
"1059",2012-09-16,77.5,52.5,65,46.5,55.5,0
"1060",2012-09-17,78.5,57,68,55.5,59.5,1
"1061",2012-09-18,63.5,48.5,56,38,47,0
"1062",2012-09-19,73.5,44,59,39.5,50,0
"1063",2012-09-20,72,53.5,63,38.5,50.5,0
"1064",2012-09-21,60.5,50,55.5,45.5,50.5,1
"1065",2012-09-22,59.5,45.5,53,40,46,1
"1066",2012-09-23,61.5,41.5,52,35,43.5,0
"1067",2012-09-24,70.5,39.5,55.5,33.5,46,0
"1068",2012-09-25,77,51.5,64.5,51.5,57,0
"1069",2012-09-26,68.5,55,62,50,55,0
"1070",2012-09-27,66.5,47.5,57.5,46,51.5,0
"1071",2012-09-28,67,51,59.5,48,52.5,1
"1072",2012-09-29,79,48.5,64,46,53,0
"1073",2012-09-30,66.5,51,59,46,51.5,0
"1074",2012-10-01,66,48.5,57.5,45.5,52,0
"1075",2012-10-02,69,56,62.5,49.5,55.5,0
"1076",2012-10-03,66,60,63,58,60,1
"1077",2012-10-04,79,49.5,64.5,51.5,56,1
"1078",2012-10-05,50.5,40.5,46,31,40,1
"1079",2012-10-06,50,34.5,42.5,27.5,37,0
"1080",2012-10-07,51,37,44.5,24,36,0
"1081",2012-10-08,60,34,47,28,40,0
"1082",2012-10-09,66,42.5,54.5,37,45,1
"1083",2012-10-10,51.5,36.5,44,30.5,38.5,0
"1084",2012-10-11,67,37,52,34,44,1
"1085",2012-10-12,53,39,46,31,40,1
"1086",2012-10-13,67.5,45.5,57,51,54,1
"1087",2012-10-14,71.5,48.5,60.5,54.5,57,1
"1088",2012-10-15,60,43.5,52,40.5,46,0
"1089",2012-10-16,70,42,56,44,51,0
"1090",2012-10-17,68.5,54.5,61.5,51.5,55.5,1
"1091",2012-10-18,54.5,45,50,40.5,45,1
"1092",2012-10-19,52.5,43.5,48.5,42.5,45,1
"1093",2012-10-20,58.5,40,49.5,40,44,0
"1094",2012-10-21,69,39.5,54.5,44.5,49.5,0
"1095",2012-10-22,66,52.5,59.5,55.5,57.5,1
"1096",2012-10-23,69.5,58,64,59.5,61,1
"1097",2012-10-24,78.5,59.5,69,61,64.5,0
"1098",2012-10-25,76,45,60.5,55.5,59,1
"1099",2012-10-26,51,37.5,44.5,30,39,0
"1100",2012-10-27,48,35,41.5,27.5,36.5,0
"1101",2012-10-28,49.5,39,44.5,30.5,38.5,1
"1102",2012-10-29,51,37,44.5,30,38,0
"1103",2012-10-30,47.5,39.5,44,26,36.5,0
"1104",2012-10-31,49.5,34.5,42,26,35,0
"1105",2013-05-01,84.5,59.5,72,53,62,0
"1106",2013-05-02,63,42,49,40,45,1
"1107",2013-05-03,49,40,44.5,41.5,43.5,1
"1108",2013-05-04,71.5,48.5,60.5,44.5,51,0
"1109",2013-05-05,69.5,48.5,59.5,42,50,1
"1110",2013-05-06,70.5,50.5,61,38,49,0
"1111",2013-05-07,75.5,48.5,62.5,40,51.5,0
"1112",2013-05-08,78,47,63,42.5,53.5,0
"1113",2013-05-09,75.5,48,62,49.5,55,1
"1114",2013-05-10,48.5,44,46.5,42,44.5,1
"1115",2013-05-11,61,43.5,52.5,36.5,45,0
"1116",2013-05-12,55,37.5,46.5,28.5,39,0
"1117",2013-05-13,62.5,37,50,31.5,43,0
"1118",2013-05-14,90.5,53.5,72.5,48,58.5,0
"1119",2013-05-15,83.5,61,72.5,48,58.5,0
"1120",2013-05-16,82,55,68.5,45,56,0
"1121",2013-05-17,71.5,56.5,64.5,46.5,54,0
"1122",2013-05-18,79.5,57.5,68.5,55.5,61,0
"1123",2013-05-19,86.5,60,73.5,60.5,66,0
"1124",2013-05-20,90.5,65,78,59.5,67,1
"1125",2013-05-21,81.5,64.5,73.5,62.5,66,1
"1126",2013-05-22,73,54,64,59.5,62.5,1
"1127",2013-05-23,55,42.5,49,41.5,45.5,1
"1128",2013-05-24,57,41.5,49.5,33.5,42,0
"1129",2013-05-25,57,45,51.5,36.5,44,0
"1130",2013-05-26,67.5,45,56.5,43.5,50,1
"1131",2013-05-27,63.5,54.5,59.5,53.5,56,1
"1132",2013-05-28,76,57.5,67,63.5,65.5,1
"1133",2013-05-29,84.5,64.5,74.5,63,67,1
"1134",2013-05-30,83.5,64.5,74.5,65,68.5,1
"1135",2013-05-31,77.5,64.5,71.5,64.5,67,1
"1136",2013-06-01,76,63,70,61.5,64,1
"1137",2013-06-02,63,45,54,49,51,1
"1138",2013-06-03,68,43,56,41.5,49.5,0
"1139",2013-06-04,72,50,61,44.5,52,0
"1140",2013-06-05,74.5,55,65,47.5,54.5,1
"1141",2013-06-06,64.5,53,59,49,53,1
"1142",2013-06-07,68,53,60.5,44.5,52,0
"1143",2013-06-08,74,49.5,62,42.5,53,0
"1144",2013-06-09,81.5,56.5,69.5,54,61,1
"1145",2013-06-10,75.5,60.5,68,62,64.5,1
"1146",2013-06-11,83.5,60,72,61.5,66.5,1
"1147",2013-06-12,86.5,63.5,75.5,64,67,1
"1148",2013-06-13,72.5,58.5,66,53.5,59,0
"1149",2013-06-14,77,56.5,67,50.5,57,0
"1150",2013-06-15,80.5,59.5,70,61,64.5,1
"1151",2013-06-16,84.5,69,77,62,67,0
"1152",2013-06-17,88,60.5,74.5,55.5,63.5,1
"1153",2013-06-18,70.5,56.5,64,52,56.5,1
"1154",2013-06-19,75,55,65,46,55.5,0
"1155",2013-06-20,86,59,72.5,57.5,64,0
"1156",2013-06-21,83.5,69,76.5,64,67.5,1
"1157",2013-06-22,81.5,68.5,75.5,66,69,1
"1158",2013-06-23,88,67.5,78,67,70.5,1
"1159",2013-06-24,87.5,67.5,77.5,66,69,0
"1160",2013-06-25,86,68.5,77.5,68,71,1
"1161",2013-06-26,80.5,67,74,66,68,1
"1162",2013-06-27,90.5,65,78,66,69.5,0
"1163",2013-06-28,83,67.5,75.5,60.5,65.5,1
"1164",2013-06-29,72,64,68,59,62,1
"1165",2013-06-30,76.5,63,70,52,59.5,0
"1166",2013-07-01,75,60,67.5,50.5,58,0
"1167",2013-07-02,68,61,64.5,52.5,57.5,1
"1168",2013-07-03,73,60.5,67,60,62,1
"1169",2013-07-04,83,58.5,71,60,64.5,0
"1170",2013-07-05,86.5,61.5,74,60.5,66,0
"1171",2013-07-06,82.5,68,75.5,64,68,0
"1172",2013-07-07,88.5,70,79.5,66.5,71,0
"1173",2013-07-08,86.5,70.5,78.5,70.5,73,1
"1174",2013-07-09,85,74,79.5,73,75,1
"1175",2013-07-10,86,66,76.5,65,69.5,0
"1176",2013-07-11,80.5,63.5,72.5,53,61.5,0
"1177",2013-07-12,82.5,59,71,53.5,61.5,0
"1178",2013-07-13,83.5,64.5,74,58.5,65,0
"1179",2013-07-14,88,72.5,80.5,66,70.5,0
"1180",2013-07-15,90,73,81.5,71,74,0
"1181",2013-07-16,92.5,75,84,71,75,0
"1182",2013-07-17,94.5,76.5,85.5,71,75.5,0
"1183",2013-07-18,95.5,78,87,71.5,76,1
"1184",2013-07-19,96.5,73,85,69.5,75,1
"1185",2013-07-20,88.5,71.5,80,63.5,69,1
"1186",2013-07-21,88.5,70,79.5,64,69,0
"1187",2013-07-22,88.5,71.5,80,65,70.5,1
"1188",2013-07-23,79,64,72,59,64,0
"1189",2013-07-24,72.5,61,67,49.5,57.5,0
"1190",2013-07-25,81,57.5,69.5,53,60.5,0
"1191",2013-07-26,72,63.5,68,59.5,62.5,1
"1192",2013-07-27,66.5,56,61.5,50,55.5,0
"1193",2013-07-28,70,54.5,62.5,48.5,54.5,1
"1194",2013-07-29,76,57.5,67,54,59,0
"1195",2013-07-30,74,59,67,57.5,61.5,1
"1196",2013-07-31,75,63,69.5,63.5,65,1
"1197",2013-08-01,81.5,61,71.5,55.5,62,0
"1198",2013-08-02,85,63.5,74.5,62.5,66.5,1
"1199",2013-08-03,80,65,73,54.5,62,0
"1200",2013-08-04,74.5,60,67.5,55.5,61,1
"1201",2013-08-05,75.5,60.5,68.5,57.5,61.5,1
"1202",2013-08-06,84,67.5,76,66.5,69.5,0
"1203",2013-08-07,90,68.5,79.5,67.5,71,0
"1204",2013-08-08,78.5,67,73,55.5,62,0
"1205",2013-08-09,83,60.5,72,59,65,0
"1206",2013-08-10,81,66,74,56,63,0
"1207",2013-08-11,82.5,61.5,72.5,59,64,1
"1208",2013-08-12,83.5,68,76,64,68,1
"1209",2013-08-13,70.5,60,65.5,51,57.5,0
"1210",2013-08-14,71.5,57,64.5,49.5,56,0
"1211",2013-08-15,74.5,56,65.5,51.5,58,0
"1212",2013-08-16,82,56.5,69.5,51.5,60,0
"1213",2013-08-17,80,58.5,69.5,55.5,62,0
"1214",2013-08-18,81,60.5,71,57,63.5,0
"1215",2013-08-19,85.5,60,73,59,65,0
"1216",2013-08-20,88,67,77.5,61.5,67.5,0
"1217",2013-08-21,90.5,69,80,64.5,70,1
"1218",2013-08-22,78,67.5,73,66.5,68.5,1
"1219",2013-08-23,81.5,63,72.5,55,63,0
"1220",2013-08-24,86,62,74,57.5,64.5,0
"1221",2013-08-25,89,66.5,78,61,67.5,0
"1222",2013-08-26,92,70,81,67,71.5,0
"1223",2013-08-27,96,77,87,69,74.5,0
"1224",2013-08-28,83,71,77,68,71.5,0
"1225",2013-08-29,88,67.5,78,64.5,69,0
"1226",2013-08-30,96,68,82.5,67.5,71.5,1
"1227",2013-08-31,77.5,70.5,74.5,66.5,68.5,1
"1228",2013-09-01,84.5,66.5,75.5,66.5,69.5,1
"1229",2013-09-02,78,61,70,60.5,64,0
"1230",2013-09-03,76.5,57.5,67,54,59.5,0
"1231",2013-09-04,84,59,72,56,62.5,0
"1232",2013-09-05,74,62,68.5,53.5,60,0
"1233",2013-09-06,85.5,59.5,73,56.5,63.5,0
"1234",2013-09-07,87.5,66.5,77.5,61.5,67.5,0
"1235",2013-09-08,77.5,71,74.5,65.5,68.5,0
"1236",2013-09-09,94,68.5,81.5,69,73.5,0
"1237",2013-09-10,95.5,77.5,86.5,63.5,71,0
"1238",2013-09-11,91.5,75,83.5,66,71,0
"1239",2013-09-12,82.5,62.5,72.5,58.5,64,1
"1240",2013-09-13,67,53,60.5,45,52.5,0
"1241",2013-09-14,72,49,61,42,52,0
"1242",2013-09-15,62,57,59.5,51.5,55,1
"1243",2013-09-16,64,53,59,47,52.5,0
"1244",2013-09-17,70.5,51,61,50,55.5,0
"1245",2013-09-18,81.5,61,71.5,59,63,1
"1246",2013-09-19,84,69.5,77,67,69.5,1
"1247",2013-09-20,76.5,58.5,67.5,59.5,63,0
"1248",2013-09-21,67,51.5,59.5,47,53,0
"1249",2013-09-22,67,49,58,46,51.5,0
"1250",2013-09-23,67,48,58,46.5,52.5,0
"1251",2013-09-24,80.5,50.5,60,48.5,54,0
"1252",2013-09-25,70.5,53.5,62.5,51.5,56,0
"1253",2013-09-26,75,52.5,64,52,58,0
"1254",2013-09-27,80.5,54.5,68,49.5,57,0
"1255",2013-09-28,84.5,56.5,71,55,61.5,1
"1256",2013-09-29,76,52,60,48.5,54,1
"1257",2013-09-30,75,48.5,62,48,55,0
"1258",2013-10-01,79,62,71,61.5,64.5,0
"1259",2013-10-02,76.5,63,70,50,59,0
"1260",2013-10-03,78,62,70,65,67,1
"1261",2013-10-04,75,65.5,70.5,64.5,66,1
"1262",2013-10-05,80.5,63,72,66,68,1
"1263",2013-10-06,70,46.5,55,44,49.5,1
"1264",2013-10-07,67.5,45,56.5,44.5,50,0
"1265",2013-10-08,75.5,46,61,47,53,0
"1266",2013-10-09,70.5,50,60.5,47,53,0
"1267",2013-10-10,74.5,48.5,61.5,49.5,55,0
"1268",2013-10-11,76.5,53.5,65.5,49.5,56,0
"1269",2013-10-12,73,49.5,61.5,53,57,1
"1270",2013-10-13,64.5,45,55,40.5,48,0
"1271",2013-10-14,62,43.5,53,43.5,49,0
"1272",2013-10-15,64.5,50,57.5,50.5,54,1
"1273",2013-10-16,54,47,51,44,47.5,1
"1274",2013-10-17,53.5,42,48,43.5,46.5,1
"1275",2013-10-18,50,40.5,45.5,39.5,43,0
"1276",2013-10-19,54,42.5,48.5,36.5,42.5,1
"1277",2013-10-20,63,38.5,51,41.5,46.5,1
"1278",2013-10-21,55,34.5,45,31.5,39,1
"1279",2013-10-22,41.5,30,36,31,34.5,1
"1280",2013-10-23,46,32,39,27,34,1
"1281",2013-10-24,44,32.5,38.5,25,33.5,0
"1282",2013-10-25,51,29,40,26,35.5,0
"1283",2013-10-26,55,37.5,46.5,29,39,0
"1284",2013-10-27,54.5,30.5,43,29,37.5,0
"1285",2013-10-28,53.5,35.5,44.5,37.5,41.5,0
"1286",2013-10-29,57,42.5,50,39.5,45,1
"1287",2013-10-30,63.5,45,54.5,52,53,1
"1288",2013-10-31,64.5,46.5,55.5,56,57,1
"1289",2014-05-01,49.5,42.5,46.5,40,43,1
"1290",2014-05-02,66.5,46.5,50,41,46,1
"1291",2014-05-03,67.5,47.5,58,38,48.5,0
"1292",2014-05-04,59.5,45.5,52.5,30,42,0
"1293",2014-05-05,57,44,50.5,35,43,1
"1294",2014-05-06,63,43,53,36,46,0
"1295",2014-05-07,79,50,64.5,44.5,52.5,1
"1296",2014-05-08,91,59.5,75.5,56.5,64.5,1
"1297",2014-05-09,74.5,55.5,65.5,54,59.5,1
"1298",2014-05-10,77,49.5,63.5,43,53,0
"1299",2014-05-11,83,57.5,70.5,54,60,1
"1300",2014-05-12,85,64.5,75,65.5,68.5,1
"1301",2014-05-13,68.5,53,61,54,57,1
"1302",2014-05-14,56.5,44,50.5,40,47,1
"1303",2014-05-15,56,41,49,36.5,42,1
"1304",2014-05-16,45.5,39,42.5,35.5,39,1
"1305",2014-05-17,60.5,40,50.5,33.5,43,0
"1306",2014-05-18,69.5,47.5,58.5,37.5,48.5,0
"1307",2014-05-19,70,49,59.5,40,51,1
"1308",2014-05-20,86,62.5,74.5,59,64,1
"1309",2014-05-21,87.5,65.5,77,56.5,64.5,1
"1310",2014-05-22,69.5,53.5,62,48.5,55,0
"1311",2014-05-23,68.5,49.5,59.5,44.5,51.5,0
"1312",2014-05-24,74,48.5,61.5,43.5,52.5,0
"1313",2014-05-25,84,52,68.5,47.5,57,0
"1314",2014-05-26,88.5,64,76.5,60.5,66,1
"1315",2014-05-27,85,59.5,72.5,63,66.5,1
"1316",2014-05-28,72,57,65,51.5,57,1
"1317",2014-05-29,76.5,55.5,66,53,58,0
"1318",2014-05-30,79,55,67,51,58,0
"1319",2014-05-31,88.5,57,73,51.5,60.5,0
"1320",2014-06-01,91,66,79,59.5,67,0
"1321",2014-06-02,84,68.5,76.5,63.5,68.5,1
"1322",2014-06-03,81.5,68,75,51.5,61,0
"1323",2014-06-04,71,56.5,64,54.5,58,1
"1324",2014-06-05,75.5,54,65,43,54,0
"1325",2014-06-06,81.5,51.5,66.5,41,54.5,0
"1326",2014-06-07,84.5,59.5,72.5,50.5,59.5,1
"1327",2014-06-08,71,54.5,63,46,54,1
"1328",2014-06-09,78.5,55.5,67.5,50,56.5,0
"1329",2014-06-10,68,57.5,63,53.5,57,1
"1330",2014-06-11,68,59.5,64,57.5,60,1
"1331",2014-06-12,80.5,60.5,71,57.5,63,1
"1332",2014-06-13,75,56,65.5,43,53.5,0
"1333",2014-06-14,79.5,54.5,67.5,43,55.5,0
"1334",2014-06-15,85,62,73.5,56.5,64,0
"1335",2014-06-16,89,68,79,62.5,68.5,0
"1336",2014-06-17,92,78,85,66,72,1
"1337",2014-06-18,83.5,62,73,65,68,1
"1338",2014-06-19,80.5,59.5,70,63.5,66,1
"1339",2014-06-20,85.5,64.5,75,65,68.5,1
"1340",2014-06-21,84.5,61.5,73,63.5,66,1
"1341",2014-06-22,82,64.5,73.5,62.5,65.5,0
"1342",2014-06-23,82.5,67.5,75.5,67,69.5,1
"1343",2014-06-24,86,70,78.5,67.5,70.5,1
"1344",2014-06-25,79.5,60.5,70.5,60.5,63,0
"1345",2014-06-26,77.5,59.5,69,58.5,62,0
"1346",2014-06-27,89.5,60.5,75.5,63.5,68.5,0
"1347",2014-06-28,87.5,73,80.5,68.5,71.5,1
"1348",2014-06-29,86.5,70,78.5,68.5,72,1
"1349",2014-06-30,87.5,67.5,77.5,69,71.5,1
"1350",2014-07-01,82,67.5,75,62,66.5,1
"1351",2014-07-02,72,57,64.5,54.5,58.5,1
"1352",2014-07-03,75.5,56.5,66,49.5,57,1
"1353",2014-07-04,79,59,69.5,49,58,0
"1354",2014-07-05,78,61.5,70,54.5,61,1
"1355",2014-07-06,88,64.5,76.5,64.5,69,0
"1356",2014-07-07,88.5,71.5,80.5,64.5,70,1
"1357",2014-07-08,82.5,68,75.5,60.5,66.5,1
"1358",2014-07-09,80.5,63,72,56,62.5,0
"1359",2014-07-10,78.5,61.5,70.5,54.5,61,0
"1360",2014-07-11,82,61.5,72,54,62,1
"1361",2014-07-12,80.5,70,75.5,67.5,70.5,1
"1362",2014-07-13,85.5,69.5,78,63,68,0
"1363",2014-07-14,80.5,62.5,72,55.5,62,0
"1364",2014-07-15,70.5,56,63.5,51.5,57,1
"1365",2014-07-16,72.5,55.5,64.5,48.5,56,0
"1366",2014-07-17,78,56,67,51.5,58.5,0
"1367",2014-07-18,80,61.5,71,54,61,0
"1368",2014-07-19,80,59.5,70,54,61.5,0
"1369",2014-07-20,83,63,73,57.5,64,0
"1370",2014-07-21,86.5,65.5,76.5,62,67.5,0
"1371",2014-07-22,90.5,70.5,81,68.5,72.5,1
"1372",2014-07-23,75.5,61.5,68.5,53.5,59.5,0
"1373",2014-07-24,75,58.5,67,49.5,57.5,0
"1374",2014-07-25,76,57.5,67,55.5,61,0
"1375",2014-07-26,84.5,69,77,65,68.5,0
"1376",2014-07-27,88,65.5,77,60.5,67,1
"1377",2014-07-28,73,60.5,67,49,57,0
"1378",2014-07-29,81,59,70.5,54,61,0
"1379",2014-07-30,79.5,60,70,56,61,0
"1380",2014-07-31,84.5,61,73,57,63.5,0
"1381",2014-08-01,84,64.5,74.5,58,64,1
"1382",2014-08-02,85,61,73.5,54.5,62,0
"1383",2014-08-03,87,64,76,60,66,0
"1384",2014-08-04,87.5,67.5,77.5,62,67,1
"1385",2014-08-05,80,66,73,64,67,1
"1386",2014-08-06,80.5,63.5,72,55.5,62.5,0
"1387",2014-08-07,81,65,73,58.5,64.5,0
"1388",2014-08-08,82,68,75,58.5,65,0
"1389",2014-08-09,80,67,73.5,58,64,0
"1390",2014-08-10,81.5,70,76,60.5,66,0
"1391",2014-08-11,83,67.5,75.5,65,68,1
"1392",2014-08-12,70,62,66.5,57,60.5,1
"1393",2014-08-13,82.5,58,70.5,57,62,0
"1394",2014-08-14,72.5,59,66,49,57,0
"1395",2014-08-15,78.5,53.5,66,50.5,58.5,0
"1396",2014-08-16,81.5,63,72.5,62.5,66,0
"1397",2014-08-17,71.5,65,68.5,62.5,64.5,1
"1398",2014-08-18,84,66,75,64,67.5,0
"1399",2014-08-19,86,71,79,66.5,70,1
"1400",2014-08-20,86.5,67,77,65,69.5,0
"1401",2014-08-21,81,70.5,76,70,71.5,1
"1402",2014-08-22,86.5,73,80,71.5,74,1
"1403",2014-08-23,86.5,69.5,78,70.5,72.5,1
"1404",2014-08-24,88.5,71.5,80,71,73.5,0
"1405",2014-08-25,90,72,81.5,70,72.5,1
"1406",2014-08-26,85.5,60,78,66.5,70,0
"1407",2014-08-27,81.5,68.5,75.5,61.5,66,0
"1408",2014-08-28,77,68,72.5,59,64.5,1
"1409",2014-08-29,87,72,80,68,71,0
"1410",2014-08-30,84.5,72,78.5,67,70.5,0
"1411",2014-08-31,86,69.5,78,67,70.5,0
"1412",2014-09-01,84,72,78.5,67,70.5,1
"1413",2014-09-02,83.5,68,76,61,66,1
"1414",2014-09-03,84,64,74,61,66.5,0
"1415",2014-09-04,86,72,79,67.5,71,1
"1416",2014-09-05,88.5,65.5,77,67,70.5,1
"1417",2014-09-06,75.5,61,68.5,52.5,59,0
"1418",2014-09-07,79.5,56,68,51,58.5,0
"1419",2014-09-08,78,57.5,68,53,60,0
"1420",2014-09-09,80,64.5,72.5,60.5,65,1
"1421",2014-09-10,81,57,69,62.5,65.5,1
"1422",2014-09-11,57,51,54,43.5,48.5,0
"1423",2014-09-12,56,45,51,45.5,48,1
"1424",2014-09-13,59.5,41.5,50.5,41,45.5,0
"1425",2014-09-14,66,44,55.5,43.5,50,0
"1426",2014-09-15,62,52.5,57.5,49,53,1
"1427",2014-09-16,68.5,45.5,57,44.5,51,0
"1428",2014-09-17,71,48.5,60,46.5,53,0
"1429",2014-09-18,71,53,62.5,53,56.5,0
"1430",2014-09-19,77,55,66.5,48.5,56.5,0
"1431",2014-09-20,78.5,63,71,61.5,64.5,1
"1432",2014-09-21,69.5,51.5,60.5,50.5,55.5,1
"1433",2014-09-22,68,47,58,44,50.5,0
"1434",2014-09-23,75,50.5,63,47,54,0
"1435",2014-09-24,77,54,66,49.5,56.5,0
"1436",2014-09-25,76,57,66.5,53,58.5,0
"1437",2014-09-26,80,55,67.5,54,59.5,0
"1438",2014-09-27,79,57.5,68.5,55.5,60.5,0
"1439",2014-09-28,78.5,55.5,67.5,56,60.5,0
"1440",2014-09-29,83.5,55,69.5,55.5,59.5,1
"1441",2014-09-30,59.5,49,54.5,48,51,1
"1442",2014-10-01,71.5,50.5,61.5,50.5,56,1
"1443",2014-10-02,73.5,64.5,69.5,62,64,1
"1444",2014-10-03,66.5,44.5,55.5,46,50.5,1
"1445",2014-10-04,48,36,42,34.5,40,1
"1446",2014-10-05,55.5,39.5,47.5,35.5,43,1
"1447",2014-10-06,62,45,54,39,46,0
"1448",2014-10-07,67.5,48.5,58,44,50.5,0
"1449",2014-10-08,66,46,56.5,35.5,47,0
"1450",2014-10-09,63,46.5,55,35,45,0
"1451",2014-10-10,58.5,41.5,50.5,39.5,45,0
"1452",2014-10-11,59.5,38,49,35,43,0
"1453",2014-10-12,63.5,41.5,53,43,48.5,1
"1454",2014-10-13,69,57.5,63.5,59.5,61,1
"1455",2014-10-14,66,53,60,58,59,1
"1456",2014-10-15,56.5,51.5,54.5,52,52.5,1
"1457",2014-10-16,57,51.5,54.5,50.5,52,1
"1458",2014-10-17,62.5,48.5,55.5,47,51,0
"1459",2014-10-18,51,37.5,44.5,39,43,1
"1460",2014-10-19,55.5,34.5,45.5,39,43.5,0
"1461",2014-10-20,65.5,48,57,45,50,0
"1462",2014-10-21,53.5,47,50.5,40,45,0
"1463",2014-10-22,56,39,48,38,43.5,0
"1464",2014-10-23,60.5,38.5,50,40.5,46,0
"1465",2014-10-24,67.5,53,60.5,47,52.5,0
"1466",2014-10-25,73.5,50.5,62.5,40.5,51.5,0
"1467",2014-10-26,65,43,54,32.5,44.5,0
"1468",2014-10-27,78,52.5,65.5,51.5,58.5,1
"1469",2014-10-28,67,46.5,57,39,47.5,1
"1470",2014-10-29,49,38,44,33,41,0
"1471",2014-10-30,52,34.5,43.5,34.5,41,1
"1472",2014-10-31,48,33.5,41,27,34.5,1
